<?xml version="1.0" encoding="UTF-8"?>
<beans xmlns="http://www.springframework.org/schema/beans"
       xmlns:xsi="http://www.w3.org/2001/XMLSchema-instance"
       xsi:schemaLocation="http://www.springframework.org/schema/beans http://www.springframework.org/schema/beans/spring-beans.xsd">

    <!-- Beans for NormalPlan and PremiumPlan -->
    <bean id="normal" class="com.example.Cinemaxify.NormalPlan"/>
    <bean id="premium" class="com.example.Cinemaxify.PremiumPlan"/>

    <!-- Define beans for different combinations of Member & Plan -->
    
    <!-- Self with Normal Plan -->
    <bean id="selfNormal" class="com.example.Cinemaxify.Self">
        <constructor-arg ref="normal"/>
    </bean>
    
    <!-- Self with Premium Plan -->
    <bean id="selfPremium" class="com.example.Cinemaxify.Self">
        <constructor-arg ref="premium"/>
    </bean>

    <!-- Brother with Normal Plan -->
    <bean id="spouseNormal" class="com.example.Cinemaxify.Spouse">
        <constructor-arg ref="normal"/>
    </bean>

    <!-- Brother with Premium Plan -->
    <bean id="spousePremium" class="com.example.Cinemaxify.Spouse">
        <constructor-arg ref="premium"/>
    </bean>

</beans>
